vaccinated,first_vaccine,probability_first_vaccine,Age
1668,1666,0.998800959232614,0
2132,791,0.3710131332082552,1
1664,122,0.0733173076923077,2
1407,59,0.041933191186922535,3
1280,28,0.021875,4
1197,35,0.029239766081871343,5
991,17,0.017154389505549948,6
884,9,0.010180995475113122,7
732,5,0.006830601092896175,8
569,7,0.012302284710017573,9
420,6,0.014285714285714284,10
280,4,0.014285714285714284,11
130,3,0.02307692307692308,12
4,0,0.0,13
