"","param","mle","prof_min","prof_max"
"1","H1m","0.4261663416433","0.1141663416433","0.6581663416433"
"2","H3m","0.35607617985892","0.13507617985892","0.524076179858921"
"3",NA,NA,NA,NA
"4","A15.19","1.23299013985746","1.00899013985746","1.50199013985746"
"5","A30.39","1.05660054768489","0.873600547684893","1.27060054768489"
"6","A40.49","0.93678845421425","0.77078845421425","1.13578845421425"
"7","A50.64","0.993238899975244","0.803238899975244","1.23223889997524"
"8","VE_15.19_h1","0.887522184686601","0.645522184686601","0.966522184686601"
"9","VE_20.29_h1","0.851695998576263","0.673695998576263","0.909695998576263"
"10","VE_30.39_h1","0.186895516214266","0","0.450895516214266"
"11","VE_40.49_h1","0.241412738188257","0","0.492412738188257"
"12","VE_50.64_h1","0.374158212939195","0.136158212939195","0.553158212939195"
"13","VE_15.19_h3","0.31618930547233","0.0141893054723297","0.54118930547233"
"14","VE_20.29_h3","0.358063557977719","0.143063557977719","0.528063557977719"
"15","VE_30.39_h3","0.123864932610072","0","0.331864932610072"
"16","VE_40.49_h3","0.422259585504885","0.234259585504885","0.571259585504885"
"17","VE_50.64_h3","0.477713476877484","0.355713476877484","0.577713476877484"
"18",NA,NA,NA,NA
"19",NA,NA,NA,NA
"20",NA,NA,NA,NA
"21",NA,NA,NA,NA
"22",NA,NA,NA,NA
"23",NA,NA,NA,NA
"24",NA,NA,NA,NA
"25",NA,NA,NA,NA
"26",NA,NA,NA,NA
"27",NA,NA,NA,NA
"28",NA,NA,NA,NA
"29",NA,NA,NA,NA
"30",NA,NA,NA,NA
"31",NA,NA,NA,NA
"32",NA,NA,NA,NA
"33",NA,NA,NA,NA
"34",NA,NA,NA,NA
"35",NA,NA,NA,NA
