"","param","mle","prof_min","prof_max"
"1","H1m","0.660809266673985","0.528809266673985","0.767809266673985"
"2","H3m","0.331171734632494","0.173171734632494","0.461171734632494"
"3","A0.4","3.01924472868934","2.54024472868934","3.59624472868934"
"4","A5.9","2.55390365856939","2.18190365856939","3.01490365856939"
"5","A10.14","1.71087102832571","1.43987102832571","2.03387102832571"
"6","A15.19","1.22983700731546","1.01283700731546","1.48883700731546"
"7","A30.39","1.05321433978074","0.871214339780739","1.26621433978074"
"8","A40.49","0.890014357509521","0.736014357509521","1.07601435750952"
"9","A50.64","1.03126141318187","0.843261413181865","1.25626141318187"
"10","A65.100","1.6211960746877","1.2311960746877","2.1191960746877"
"11","VE_0.4_h1","0.69158490902721","0.56258490902721","0.83558490902721"
"12","VE_5.9_h1","0.260898755807425","0","0.478898755807425"
"13","VE_10.14_h1","0.924417526286311","0.801417526286311","0.963417526286311"
"14","VE_15.19_h1","0.862851152689129","0.621851152689129","0.947851152689129"
"15","VE_20.29_h1","0.838502953428541","0.64650295342854","0.905502953428541"
"16","VE_30.39_h1","0.0776040208365315","0","0.372604020836532"
"17","VE_40.49_h1","0.176751348094078","0","0.445751348094078"
"18","VE_50.64_h1","0.315386990755506","0.0693869907555058","0.506386990755506"
"19","VE_65.100_h1","0.497971034847667","0.157971034847667","0.714971034847667"
"20","VE_0.4_h3","0.57851651808268","0.48151651808268","0.66551651808268"
"21","VE_5.9_h3","0.454374987650997","0.311374987650997","0.575374987650997"
"22","VE_10.14_h3","0.228984232179302","0.0029842321793023","0.413984232179302"
"23","VE_15.19_h3","0.312129571866086","0.0261295718660859","0.531129571866086"
"24","VE_20.29_h3","0.335145558303623","0.114145558303623","0.511145558303623"
"25","VE_30.39_h3","0.0990804035925822","0","0.311080403592582"
"26","VE_40.49_h3","0.359445879629723","0.154445879629723","0.522445879629723"
"27","VE_50.64_h3","0.466792977922018","0.348792977922018","0.564792977922018"
"28","VE_65.100_h3","0.407154679221493","0.236154679221493","0.536154679221493"
